user_id,name,email
ecafa549-5344-409d-b04a-f7fa0972c79f,Lorenz Oberbrunner,lorenz_oberbrunner33@gmail.com
ecafa549-5344-409d-b04a-f7fa0972c79f,Shannon Langworth-Jaskolski,shannon_langworth-jaskolski70@yahoo.com
ecafa549-5344-409d-b04a-f7fa0972c79f,Gladyce Kerluke,gladyce_kerluke96@gmail.com
ecafa549-5344-409d-b04a-f7fa0972c79f,Lulu Bruen,lulu.bruen30@gmail.com
ecafa549-5344-409d-b04a-f7fa0972c79f,Tomasa Hartmann,tomasa.hartmann@hotmail.com
ecafa549-5344-409d-b04a-f7fa0972c79f,Tania Jacobi,tania.jacobi@yahoo.com
ecafa549-5344-409d-b04a-f7fa0972c79f,Tate Schmitt,tate_schmitt@gmail.com
ecafa549-5344-409d-b04a-f7fa0972c79f,Lenna Gleason,lenna_gleason79@yahoo.com
ecafa549-5344-409d-b04a-f7fa0972c79f,Mack Willms,mack_willms68@gmail.com
ecafa549-5344-409d-b04a-f7fa0972c79f,Sadye Littel,sadye_littel60@yahoo.com
ecafa549-5344-409d-b04a-f7fa0972c79f,Monserrat Quigley,monserrat.quigley@yahoo.com
ecafa549-5344-409d-b04a-f7fa0972c79f,Jaycee Feeney,jaycee.feeney16@gmail.com
ecafa549-5344-409d-b04a-f7fa0972c79f,Natalie Kub,natalie_kub84@yahoo.com
ecafa549-5344-409d-b04a-f7fa0972c79f,Mavis Pagac,mavis_pagac1@gmail.com
ecafa549-5344-409d-b04a-f7fa0972c79f,Sarina Bogan,sarina_bogan@hotmail.com
ecafa549-5344-409d-b04a-f7fa0972c79f,Lillian Kunde,lillian.kunde95@yahoo.com
ecafa549-5344-409d-b04a-f7fa0972c79f,Otha Sawayn,otha.sawayn58@hotmail.com
ecafa549-5344-409d-b04a-f7fa0972c79f,Shaina Moen,shaina.moen8@gmail.com
ecafa549-5344-409d-b04a-f7fa0972c79f,Kaelyn Kihn,kaelyn_kihn9@yahoo.com
ecafa549-5344-409d-b04a-f7fa0972c79f,Lolita Greenholt,lolita.greenholt60@hotmail.com
ecafa549-5344-409d-b04a-f7fa0972c79f,Torrey Purdy,torrey.purdy@yahoo.com
ecafa549-5344-409d-b04a-f7fa0972c79f,Drake Mueller,drake.mueller@hotmail.com
ecafa549-5344-409d-b04a-f7fa0972c79f,Alyson Kirlin,alyson.kirlin71@hotmail.com
ecafa549-5344-409d-b04a-f7fa0972c79f,Conner Ankunding,conner.ankunding1@gmail.com
ecafa549-5344-409d-b04a-f7fa0972c79f,Yolanda Schaefer,yolanda.schaefer90@yahoo.com
ecafa549-5344-409d-b04a-f7fa0972c79f,Branson Reynolds,branson_reynolds73@gmail.com
ecafa549-5344-409d-b04a-f7fa0972c79f,Marielle Rowe,marielle.rowe32@hotmail.com
ecafa549-5344-409d-b04a-f7fa0972c79f,Dakota Crist,dakota.crist@yahoo.com
ecafa549-5344-409d-b04a-f7fa0972c79f,Moshe Reynolds,moshe.reynolds@gmail.com
ecafa549-5344-409d-b04a-f7fa0972c79f,Stevie Cremin,stevie.cremin12@hotmail.com
ecafa549-5344-409d-b04a-f7fa0972c79f,Clair Harvey,clair.harvey29@gmail.com
ecafa549-5344-409d-b04a-f7fa0972c79f,Ansel Kunde,ansel.kunde@hotmail.com
ecafa549-5344-409d-b04a-f7fa0972c79f,Julius Stracke,julius_stracke@yahoo.com
ecafa549-5344-409d-b04a-f7fa0972c79f,Destiney Franey,destiney.franey@hotmail.com
ecafa549-5344-409d-b04a-f7fa0972c79f,Rahsaan Donnelly,rahsaan_donnelly1@gmail.com
ecafa549-5344-409d-b04a-f7fa0972c79f,Peter Kuhic,peter.kuhic@hotmail.com
ecafa549-5344-409d-b04a-f7fa0972c79f,Tamia Swaniawski-Connelly,tamia.swaniawski-connelly@hotmail.com
ecafa549-5344-409d-b04a-f7fa0972c79f,Evalyn Hermiston,evalyn_hermiston76@gmail.com
ecafa549-5344-409d-b04a-f7fa0972c79f,Marco Daugherty-Bergnaum,marco.daugherty-bergnaum@hotmail.com
ecafa549-5344-409d-b04a-f7fa0972c79f,Sophia Crist,sophia.crist@yahoo.com
ecafa549-5344-409d-b04a-f7fa0972c79f,King Greenholt,king.greenholt@gmail.com
ecafa549-5344-409d-b04a-f7fa0972c79f,Myron Marquardt,myron_marquardt@hotmail.com
ecafa549-5344-409d-b04a-f7fa0972c79f,Zachery Cruickshank,zachery.cruickshank@hotmail.com
ecafa549-5344-409d-b04a-f7fa0972c79f,Ernestine O'Connell,ernestine.oconnell34@yahoo.com
ecafa549-5344-409d-b04a-f7fa0972c79f,Ronaldo Osinski,ronaldo_osinski@gmail.com
ecafa549-5344-409d-b04a-f7fa0972c79f,Scotty Lueilwitz,scotty_lueilwitz@yahoo.com
ecafa549-5344-409d-b04a-f7fa0972c79f,Sarina Greenholt,sarina_greenholt33@yahoo.com
ecafa549-5344-409d-b04a-f7fa0972c79f,Gavin Luettgen,gavin_luettgen52@gmail.com
ecafa549-5344-409d-b04a-f7fa0972c79f,Mckayla Schmidt,mckayla.schmidt98@hotmail.com
ecafa549-5344-409d-b04a-f7fa0972c79f,Meghan Moore,meghan.moore@hotmail.com
ecafa549-5344-409d-b04a-f7fa0972c79f,Heath Waters,heath.waters@gmail.com
ecafa549-5344-409d-b04a-f7fa0972c79f,Watson Monahan,watson.monahan24@gmail.com
ecafa549-5344-409d-b04a-f7fa0972c79f,Doris Rolfson,doris_rolfson@gmail.com
ecafa549-5344-409d-b04a-f7fa0972c79f,Icie McGlynn,icie.mcglynn80@yahoo.com
ecafa549-5344-409d-b04a-f7fa0972c79f,Bridget Kris,bridget.kris@hotmail.com
ecafa549-5344-409d-b04a-f7fa0972c79f,Johnathon Lakin,johnathon_lakin93@yahoo.com
ecafa549-5344-409d-b04a-f7fa0972c79f,Audrey Terry,audrey_terry25@yahoo.com
ecafa549-5344-409d-b04a-f7fa0972c79f,Bonita Hyatt,bonita_hyatt@gmail.com
ecafa549-5344-409d-b04a-f7fa0972c79f,Darryl Littel,darryl_littel89@yahoo.com
ecafa549-5344-409d-b04a-f7fa0972c79f,Shayne Swaniawski,shayne.swaniawski@hotmail.com
ecafa549-5344-409d-b04a-f7fa0972c79f,Derrick Anderson,derrick_anderson@gmail.com
ecafa549-5344-409d-b04a-f7fa0972c79f,Mitchel Streich,mitchel.streich56@yahoo.com
ecafa549-5344-409d-b04a-f7fa0972c79f,Terry Dickens,terry.dickens40@hotmail.com
ecafa549-5344-409d-b04a-f7fa0972c79f,Casper Brekke,casper_brekke@yahoo.com
ecafa549-5344-409d-b04a-f7fa0972c79f,Myrna O'Hara,myrna_ohara80@yahoo.com
ecafa549-5344-409d-b04a-f7fa0972c79f,Thomas Kshlerin,thomas_kshlerin@hotmail.com
ecafa549-5344-409d-b04a-f7fa0972c79f,Donald Satterfield,donald.satterfield79@gmail.com
ecafa549-5344-409d-b04a-f7fa0972c79f,Ronaldo Moen,ronaldo_moen89@gmail.com
ecafa549-5344-409d-b04a-f7fa0972c79f,Cristopher Krajcik,cristopher.krajcik@yahoo.com
ecafa549-5344-409d-b04a-f7fa0972c79f,Laisha Jerde,laisha_jerde@hotmail.com
ecafa549-5344-409d-b04a-f7fa0972c79f,Emerson Langworth,emerson.langworth9@hotmail.com
ecafa549-5344-409d-b04a-f7fa0972c79f,Oren Gulgowski,oren_gulgowski@hotmail.com
ecafa549-5344-409d-b04a-f7fa0972c79f,Lesley Schimmel,lesley_schimmel1@yahoo.com
ecafa549-5344-409d-b04a-f7fa0972c79f,Payton Funk,payton.funk@hotmail.com
ecafa549-5344-409d-b04a-f7fa0972c79f,Jennyfer Sauer,jennyfer_sauer@hotmail.com
ecafa549-5344-409d-b04a-f7fa0972c79f,Golden Weber,golden.weber73@hotmail.com
ecafa549-5344-409d-b04a-f7fa0972c79f,Marilou Leannon,marilou.leannon35@yahoo.com
ecafa549-5344-409d-b04a-f7fa0972c79f,Pedro Labadie,pedro.labadie80@hotmail.com
ecafa549-5344-409d-b04a-f7fa0972c79f,Marcelina Pouros,marcelina_pouros71@gmail.com
ecafa549-5344-409d-b04a-f7fa0972c79f,Sage Welch,sage.welch25@yahoo.com
ecafa549-5344-409d-b04a-f7fa0972c79f,Lenna Mraz,lenna_mraz33@gmail.com
ecafa549-5344-409d-b04a-f7fa0972c79f,Anderson Predovic,anderson_predovic24@gmail.com
ecafa549-5344-409d-b04a-f7fa0972c79f,Jaylin Olson,jaylin_olson2@hotmail.com
ecafa549-5344-409d-b04a-f7fa0972c79f,Merlin Braun,merlin.braun97@hotmail.com
ecafa549-5344-409d-b04a-f7fa0972c79f,Rosalia McKenzie,rosalia_mckenzie27@hotmail.com
ecafa549-5344-409d-b04a-f7fa0972c79f,Dustin Spencer,dustin.spencer@hotmail.com
ecafa549-5344-409d-b04a-f7fa0972c79f,Fay Boyle,fay.boyle12@gmail.com
ecafa549-5344-409d-b04a-f7fa0972c79f,Ole Cronin,ole_cronin66@gmail.com
ecafa549-5344-409d-b04a-f7fa0972c79f,Anabel Douglas,anabel.douglas@gmail.com
ecafa549-5344-409d-b04a-f7fa0972c79f,Mckenzie Balistreri,mckenzie.balistreri49@yahoo.com
ecafa549-5344-409d-b04a-f7fa0972c79f,Abigayle Brakus,abigayle.brakus90@yahoo.com
ecafa549-5344-409d-b04a-f7fa0972c79f,Zena Stamm,zena.stamm@yahoo.com
ecafa549-5344-409d-b04a-f7fa0972c79f,Jesse Green,jesse.green36@yahoo.com
ecafa549-5344-409d-b04a-f7fa0972c79f,Skye Will,skye.will6@yahoo.com
ecafa549-5344-409d-b04a-f7fa0972c79f,Gabrielle Roberts,gabrielle.roberts@gmail.com
ecafa549-5344-409d-b04a-f7fa0972c79f,Branson Herman,branson.herman38@gmail.com
ecafa549-5344-409d-b04a-f7fa0972c79f,Santiago Herzog-Haag,santiago_herzog-haag95@hotmail.com
ecafa549-5344-409d-b04a-f7fa0972c79f,Efren Johnson,efren.johnson29@hotmail.com
ecafa549-5344-409d-b04a-f7fa0972c79f,Hans Braun,hans_braun@yahoo.com
ecafa549-5344-409d-b04a-f7fa0972c79f,Lucinda Greenholt,lucinda.greenholt86@gmail.com
ecafa549-5344-409d-b04a-f7fa0972c79f,Hilton Dach,hilton_dach49@hotmail.com
ecafa549-5344-409d-b04a-f7fa0972c79f,Alexandrea Williamson,alexandrea.williamson@hotmail.com
ecafa549-5344-409d-b04a-f7fa0972c79f,Brycen Olson,brycen_olson@gmail.com
ecafa549-5344-409d-b04a-f7fa0972c79f,Duncan DuBuque,duncan_dubuque79@gmail.com
ecafa549-5344-409d-b04a-f7fa0972c79f,Nichole Koch,nichole_koch@gmail.com
ecafa549-5344-409d-b04a-f7fa0972c79f,Vickie Feil,vickie.feil@yahoo.com
ecafa549-5344-409d-b04a-f7fa0972c79f,Alivia Murray,alivia_murray82@yahoo.com
ecafa549-5344-409d-b04a-f7fa0972c79f,Garrett Pollich,garrett_pollich51@yahoo.com
ecafa549-5344-409d-b04a-f7fa0972c79f,Lula Funk,lula_funk@hotmail.com
ecafa549-5344-409d-b04a-f7fa0972c79f,Mae Hirthe,mae.hirthe11@gmail.com
ecafa549-5344-409d-b04a-f7fa0972c79f,Penelope Tromp,penelope.tromp53@hotmail.com
ecafa549-5344-409d-b04a-f7fa0972c79f,Ross Stark,ross.stark@yahoo.com
ecafa549-5344-409d-b04a-f7fa0972c79f,Juston Bergnaum-McClure,juston.bergnaum-mcclure@hotmail.com
ecafa549-5344-409d-b04a-f7fa0972c79f,Jeffery Greenholt,jeffery_greenholt92@hotmail.com
ecafa549-5344-409d-b04a-f7fa0972c79f,Davin Emard,davin.emard45@hotmail.com
ecafa549-5344-409d-b04a-f7fa0972c79f,Margot Wiegand,margot_wiegand7@gmail.com
ecafa549-5344-409d-b04a-f7fa0972c79f,Ophelia Johns,ophelia.johns@gmail.com
ecafa549-5344-409d-b04a-f7fa0972c79f,Ari Hamill,ari_hamill9@yahoo.com
ecafa549-5344-409d-b04a-f7fa0972c79f,Sedrick Lueilwitz,sedrick_lueilwitz@gmail.com
ecafa549-5344-409d-b04a-f7fa0972c79f,Adrianna Klein,adrianna.klein42@gmail.com
ecafa549-5344-409d-b04a-f7fa0972c79f,Karolann Ondricka,karolann.ondricka80@hotmail.com
ecafa549-5344-409d-b04a-f7fa0972c79f,Alysha Pfeffer,alysha_pfeffer49@yahoo.com
ecafa549-5344-409d-b04a-f7fa0972c79f,Lamont Windler-Brakus,lamont.windler-brakus@hotmail.com
ecafa549-5344-409d-b04a-f7fa0972c79f,Delphia Lockman,delphia_lockman55@hotmail.com
ecafa549-5344-409d-b04a-f7fa0972c79f,Mikayla Boehm,mikayla_boehm@hotmail.com
ecafa549-5344-409d-b04a-f7fa0972c79f,Javonte Pfeffer-White,javonte.pfeffer-white@gmail.com
ecafa549-5344-409d-b04a-f7fa0972c79f,Cynthia Lebsack,cynthia_lebsack@yahoo.com
ecafa549-5344-409d-b04a-f7fa0972c79f,Stuart Rohan,stuart.rohan@hotmail.com
ecafa549-5344-409d-b04a-f7fa0972c79f,Deshaun Trantow-Lueilwitz,deshaun.trantow-lueilwitz@yahoo.com
ecafa549-5344-409d-b04a-f7fa0972c79f,Elmira Wolf,elmira.wolf53@yahoo.com
ecafa549-5344-409d-b04a-f7fa0972c79f,Cara Mayer,cara_mayer77@yahoo.com
ecafa549-5344-409d-b04a-f7fa0972c79f,Beryl Herman,beryl_herman24@hotmail.com
ecafa549-5344-409d-b04a-f7fa0972c79f,Alexa Roberts,alexa.roberts@hotmail.com
ecafa549-5344-409d-b04a-f7fa0972c79f,Jackson Langworth,jackson_langworth@gmail.com
ecafa549-5344-409d-b04a-f7fa0972c79f,Jennings Mayer,jennings.mayer@hotmail.com
ecafa549-5344-409d-b04a-f7fa0972c79f,Ayana Deckow,ayana.deckow@yahoo.com
ecafa549-5344-409d-b04a-f7fa0972c79f,Ford Vandervort,ford.vandervort@hotmail.com
ecafa549-5344-409d-b04a-f7fa0972c79f,Faustino Kassulke,faustino.kassulke39@gmail.com
ecafa549-5344-409d-b04a-f7fa0972c79f,Natalie Mann,natalie_mann94@gmail.com
ecafa549-5344-409d-b04a-f7fa0972c79f,Columbus Dietrich,columbus_dietrich@yahoo.com
ecafa549-5344-409d-b04a-f7fa0972c79f,Ken Muller,ken.muller79@yahoo.com
ecafa549-5344-409d-b04a-f7fa0972c79f,Rosanna Koch-Miller,rosanna.koch-miller@gmail.com
ecafa549-5344-409d-b04a-f7fa0972c79f,Mose Reinger,mose_reinger28@gmail.com
ecafa549-5344-409d-b04a-f7fa0972c79f,Thomas Swift,thomas_swift84@gmail.com
ecafa549-5344-409d-b04a-f7fa0972c79f,Loyce Stroman,loyce_stroman20@gmail.com
ecafa549-5344-409d-b04a-f7fa0972c79f,Janelle Langworth,janelle_langworth@hotmail.com
ecafa549-5344-409d-b04a-f7fa0972c79f,Noe Gutkowski,noe_gutkowski@yahoo.com
ecafa549-5344-409d-b04a-f7fa0972c79f,Kiera Barton,kiera_barton9@gmail.com
ecafa549-5344-409d-b04a-f7fa0972c79f,Hillard Metz,hillard.metz32@hotmail.com
ecafa549-5344-409d-b04a-f7fa0972c79f,Spencer Kerluke,spencer.kerluke6@gmail.com
ecafa549-5344-409d-b04a-f7fa0972c79f,Nathaniel Predovic,nathaniel.predovic@hotmail.com
ecafa549-5344-409d-b04a-f7fa0972c79f,Conor Prohaska,conor.prohaska95@yahoo.com
ecafa549-5344-409d-b04a-f7fa0972c79f,Lillian Klocko,lillian_klocko@yahoo.com
ecafa549-5344-409d-b04a-f7fa0972c79f,Josefa Welch,josefa.welch@yahoo.com
ecafa549-5344-409d-b04a-f7fa0972c79f,Shaniya Wiza,shaniya_wiza79@gmail.com
ecafa549-5344-409d-b04a-f7fa0972c79f,Leda Okuneva,leda.okuneva18@yahoo.com
ecafa549-5344-409d-b04a-f7fa0972c79f,Terrill Anderson,terrill_anderson29@yahoo.com
ecafa549-5344-409d-b04a-f7fa0972c79f,Elisha Schmidt,elisha_schmidt@yahoo.com
ecafa549-5344-409d-b04a-f7fa0972c79f,Gwendolyn Lindgren,gwendolyn.lindgren85@yahoo.com
ecafa549-5344-409d-b04a-f7fa0972c79f,Hadley Nienow,hadley_nienow31@gmail.com
ecafa549-5344-409d-b04a-f7fa0972c79f,Ellie Klein,ellie_klein@gmail.com
ecafa549-5344-409d-b04a-f7fa0972c79f,Dariana Bechtelar,dariana_bechtelar14@hotmail.com
ecafa549-5344-409d-b04a-f7fa0972c79f,Gisselle Kassulke,gisselle_kassulke@hotmail.com
ecafa549-5344-409d-b04a-f7fa0972c79f,Cicero Keebler,cicero.keebler44@hotmail.com
ecafa549-5344-409d-b04a-f7fa0972c79f,Mervin Skiles,mervin.skiles@hotmail.com
ecafa549-5344-409d-b04a-f7fa0972c79f,Adalberto Schaden,adalberto.schaden@yahoo.com
ecafa549-5344-409d-b04a-f7fa0972c79f,George Ward,george.ward1@gmail.com
ecafa549-5344-409d-b04a-f7fa0972c79f,Ahmed Jenkins,ahmed_jenkins10@hotmail.com
ecafa549-5344-409d-b04a-f7fa0972c79f,Marjory Sawayn,marjory_sawayn23@gmail.com
ecafa549-5344-409d-b04a-f7fa0972c79f,Elouise Koch,elouise_koch@hotmail.com
ecafa549-5344-409d-b04a-f7fa0972c79f,Lola Ondricka,lola_ondricka77@hotmail.com
ecafa549-5344-409d-b04a-f7fa0972c79f,Zack Orn,zack_orn@hotmail.com
ecafa549-5344-409d-b04a-f7fa0972c79f,Elias Reichert,elias.reichert@yahoo.com
ecafa549-5344-409d-b04a-f7fa0972c79f,Adrianna Kerluke,adrianna_kerluke@hotmail.com
ecafa549-5344-409d-b04a-f7fa0972c79f,Reyes Welch,reyes.welch89@hotmail.com
ecafa549-5344-409d-b04a-f7fa0972c79f,Demetrius Roob,demetrius.roob@hotmail.com
ecafa549-5344-409d-b04a-f7fa0972c79f,Edgardo Buckridge,edgardo.buckridge@gmail.com
ecafa549-5344-409d-b04a-f7fa0972c79f,Kenny Jenkins,kenny_jenkins37@gmail.com
ecafa549-5344-409d-b04a-f7fa0972c79f,Hadley Vandervort,hadley_vandervort@gmail.com
ecafa549-5344-409d-b04a-f7fa0972c79f,Elouise Nolan,elouise.nolan@yahoo.com
ecafa549-5344-409d-b04a-f7fa0972c79f,Howell Romaguera,howell.romaguera47@hotmail.com
ecafa549-5344-409d-b04a-f7fa0972c79f,Rosie Wisoky,rosie.wisoky@yahoo.com
ecafa549-5344-409d-b04a-f7fa0972c79f,Cydney Borer,cydney_borer@yahoo.com
ecafa549-5344-409d-b04a-f7fa0972c79f,Shanelle Pacocha,shanelle_pacocha5@hotmail.com
ecafa549-5344-409d-b04a-f7fa0972c79f,Mina Tillman,mina_tillman@yahoo.com
ecafa549-5344-409d-b04a-f7fa0972c79f,Nicholaus Berge,nicholaus_berge@gmail.com
ecafa549-5344-409d-b04a-f7fa0972c79f,Brent Barrows,brent.barrows79@hotmail.com
ecafa549-5344-409d-b04a-f7fa0972c79f,Sheila Heathcote,sheila_heathcote@gmail.com
ecafa549-5344-409d-b04a-f7fa0972c79f,Prudence Thompson,prudence.thompson@gmail.com
ecafa549-5344-409d-b04a-f7fa0972c79f,Ewell Blick,ewell.blick@hotmail.com
ecafa549-5344-409d-b04a-f7fa0972c79f,Ellie Hahn,ellie.hahn@hotmail.com
ecafa549-5344-409d-b04a-f7fa0972c79f,Rachelle Turner,rachelle_turner@gmail.com
ecafa549-5344-409d-b04a-f7fa0972c79f,Wava Watsica,wava.watsica43@yahoo.com
ecafa549-5344-409d-b04a-f7fa0972c79f,Mekhi Kuhic,mekhi.kuhic48@hotmail.com
ecafa549-5344-409d-b04a-f7fa0972c79f,Aubree Baumbach,aubree_baumbach@yahoo.com
ecafa549-5344-409d-b04a-f7fa0972c79f,Asha Lang,asha.lang@gmail.com
ecafa549-5344-409d-b04a-f7fa0972c79f,Robb Strosin,robb.strosin44@yahoo.com
ecafa549-5344-409d-b04a-f7fa0972c79f,Cody Gibson,cody.gibson@hotmail.com
ecafa549-5344-409d-b04a-f7fa0972c79f,Maurine Luettgen,maurine_luettgen@gmail.com
ecafa549-5344-409d-b04a-f7fa0972c79f,Merritt Anderson,merritt_anderson@gmail.com
ecafa549-5344-409d-b04a-f7fa0972c79f,Margarita Dietrich,margarita.dietrich20@hotmail.com
ecafa549-5344-409d-b04a-f7fa0972c79f,Connor Mayer,connor.mayer@gmail.com
ecafa549-5344-409d-b04a-f7fa0972c79f,Abner Christiansen,abner.christiansen@yahoo.com
ecafa549-5344-409d-b04a-f7fa0972c79f,Arnulfo Moore,arnulfo_moore@hotmail.com
ecafa549-5344-409d-b04a-f7fa0972c79f,Roslyn Powlowski,roslyn.powlowski@gmail.com
ecafa549-5344-409d-b04a-f7fa0972c79f,Nyah Luettgen,nyah.luettgen@gmail.com
ecafa549-5344-409d-b04a-f7fa0972c79f,Estell Carroll,estell.carroll@hotmail.com
ecafa549-5344-409d-b04a-f7fa0972c79f,Jacky Altenwerth,jacky_altenwerth94@gmail.com
ecafa549-5344-409d-b04a-f7fa0972c79f,Laney Wyman,laney.wyman81@hotmail.com
ecafa549-5344-409d-b04a-f7fa0972c79f,Terrence Block,terrence_block@gmail.com
ecafa549-5344-409d-b04a-f7fa0972c79f,Rachael Murray,rachael_murray72@gmail.com
ecafa549-5344-409d-b04a-f7fa0972c79f,Donny Steuber,donny.steuber31@yahoo.com
ecafa549-5344-409d-b04a-f7fa0972c79f,Camden Goldner,camden_goldner@gmail.com
ecafa549-5344-409d-b04a-f7fa0972c79f,Bernadette Conn,bernadette_conn79@gmail.com
ecafa549-5344-409d-b04a-f7fa0972c79f,Kendra Cormier,kendra_cormier@gmail.com
ecafa549-5344-409d-b04a-f7fa0972c79f,Ryder Mitchell,ryder_mitchell95@hotmail.com
ecafa549-5344-409d-b04a-f7fa0972c79f,Lura Toy,lura.toy56@gmail.com
ecafa549-5344-409d-b04a-f7fa0972c79f,Colin Leuschke,colin_leuschke@hotmail.com
ecafa549-5344-409d-b04a-f7fa0972c79f,Richmond Beatty,richmond.beatty51@gmail.com
ecafa549-5344-409d-b04a-f7fa0972c79f,Dangelo Schimmel,dangelo.schimmel@hotmail.com
ecafa549-5344-409d-b04a-f7fa0972c79f,Jeffery Denesik,jeffery_denesik@yahoo.com
ecafa549-5344-409d-b04a-f7fa0972c79f,Katelin Doyle-Hudson,katelin.doyle-hudson@gmail.com
ecafa549-5344-409d-b04a-f7fa0972c79f,Luisa Lueilwitz,luisa_lueilwitz@yahoo.com
ecafa549-5344-409d-b04a-f7fa0972c79f,Isaac Koelpin,isaac.koelpin31@hotmail.com
ecafa549-5344-409d-b04a-f7fa0972c79f,Monroe Gibson,monroe_gibson@hotmail.com
ecafa549-5344-409d-b04a-f7fa0972c79f,Monty Gorczany,monty_gorczany@yahoo.com
ecafa549-5344-409d-b04a-f7fa0972c79f,Kirstin Fahey,kirstin_fahey3@hotmail.com
ecafa549-5344-409d-b04a-f7fa0972c79f,Rebecca Harber,rebecca.harber@yahoo.com
ecafa549-5344-409d-b04a-f7fa0972c79f,Ottilie Daniel,ottilie_daniel71@yahoo.com
ecafa549-5344-409d-b04a-f7fa0972c79f,Alexa Abbott,alexa.abbott24@hotmail.com
ecafa549-5344-409d-b04a-f7fa0972c79f,Shyann Bahringer,shyann_bahringer@gmail.com
ecafa549-5344-409d-b04a-f7fa0972c79f,Derrick Rohan,derrick_rohan@gmail.com
ecafa549-5344-409d-b04a-f7fa0972c79f,Susanna Boyer,susanna_boyer35@hotmail.com
ecafa549-5344-409d-b04a-f7fa0972c79f,Garrett Nolan,garrett_nolan75@yahoo.com
ecafa549-5344-409d-b04a-f7fa0972c79f,Wendell Morissette,wendell_morissette80@gmail.com
ecafa549-5344-409d-b04a-f7fa0972c79f,Verlie Lubowitz,verlie_lubowitz@hotmail.com
ecafa549-5344-409d-b04a-f7fa0972c79f,Garett Abernathy,garett_abernathy@yahoo.com
ecafa549-5344-409d-b04a-f7fa0972c79f,Jace Swaniawski,jace.swaniawski51@hotmail.com
ecafa549-5344-409d-b04a-f7fa0972c79f,Ada Kuvalis,ada.kuvalis17@yahoo.com
ecafa549-5344-409d-b04a-f7fa0972c79f,Yazmin Larkin,yazmin.larkin94@yahoo.com
ecafa549-5344-409d-b04a-f7fa0972c79f,Zola Collins,zola.collins94@hotmail.com
ecafa549-5344-409d-b04a-f7fa0972c79f,Jerald Kulas,jerald.kulas76@gmail.com
ecafa549-5344-409d-b04a-f7fa0972c79f,Everardo Lehner,everardo_lehner37@gmail.com
ecafa549-5344-409d-b04a-f7fa0972c79f,Monte Emmerich,monte.emmerich56@gmail.com
ecafa549-5344-409d-b04a-f7fa0972c79f,Monty Gleason,monty.gleason@yahoo.com
ecafa549-5344-409d-b04a-f7fa0972c79f,Lane Bogan,lane.bogan@hotmail.com
ecafa549-5344-409d-b04a-f7fa0972c79f,Perry Kertzmann,perry_kertzmann@yahoo.com
ecafa549-5344-409d-b04a-f7fa0972c79f,Casimer Runte,casimer_runte6@gmail.com
ecafa549-5344-409d-b04a-f7fa0972c79f,Nella Hartmann,nella_hartmann88@gmail.com
ecafa549-5344-409d-b04a-f7fa0972c79f,Hettie Wiegand-Reilly,hettie_wiegand-reilly@yahoo.com
ecafa549-5344-409d-b04a-f7fa0972c79f,Joannie Schuster,joannie_schuster@yahoo.com
ecafa549-5344-409d-b04a-f7fa0972c79f,Julian Connelly,julian.connelly@gmail.com
ecafa549-5344-409d-b04a-f7fa0972c79f,Lessie Kautzer,lessie_kautzer21@yahoo.com
ecafa549-5344-409d-b04a-f7fa0972c79f,Alize Mayert,alize.mayert@yahoo.com
ecafa549-5344-409d-b04a-f7fa0972c79f,Gordon Crooks,gordon.crooks86@yahoo.com
ecafa549-5344-409d-b04a-f7fa0972c79f,Melvina Bashirian,melvina.bashirian@yahoo.com
ecafa549-5344-409d-b04a-f7fa0972c79f,Molly Hamill,molly_hamill35@hotmail.com
ecafa549-5344-409d-b04a-f7fa0972c79f,Sibyl Bednar,sibyl.bednar4@yahoo.com
ecafa549-5344-409d-b04a-f7fa0972c79f,Gregoria Torphy,gregoria.torphy66@yahoo.com
ecafa549-5344-409d-b04a-f7fa0972c79f,Otis Roob,otis.roob3@gmail.com
ecafa549-5344-409d-b04a-f7fa0972c79f,Cora Jakubowski,cora_jakubowski23@hotmail.com
ecafa549-5344-409d-b04a-f7fa0972c79f,Petra Prohaska,petra_prohaska47@yahoo.com
ecafa549-5344-409d-b04a-f7fa0972c79f,Christop Runolfsson,christop.runolfsson@yahoo.com
ecafa549-5344-409d-b04a-f7fa0972c79f,Isabelle Gulgowski,isabelle.gulgowski9@yahoo.com
ecafa549-5344-409d-b04a-f7fa0972c79f,Hal Kuhic,hal.kuhic@yahoo.com
ecafa549-5344-409d-b04a-f7fa0972c79f,Luna Russel,luna_russel33@hotmail.com
ecafa549-5344-409d-b04a-f7fa0972c79f,Isaias Considine,isaias_considine9@hotmail.com
ecafa549-5344-409d-b04a-f7fa0972c79f,Jude Hammes,jude_hammes70@yahoo.com
ecafa549-5344-409d-b04a-f7fa0972c79f,Abbigail Ratke,abbigail_ratke@gmail.com
ecafa549-5344-409d-b04a-f7fa0972c79f,Amira Rodriguez-Witting,amira.rodriguez-witting72@hotmail.com
ecafa549-5344-409d-b04a-f7fa0972c79f,Princess Douglas,princess.douglas67@yahoo.com
ecafa549-5344-409d-b04a-f7fa0972c79f,Allene Oberbrunner,allene_oberbrunner@yahoo.com
ecafa549-5344-409d-b04a-f7fa0972c79f,Connie Rowe,connie_rowe@gmail.com
ecafa549-5344-409d-b04a-f7fa0972c79f,Princess Larkin,princess_larkin97@hotmail.com
ecafa549-5344-409d-b04a-f7fa0972c79f,Sherwood Considine,sherwood_considine82@hotmail.com
ecafa549-5344-409d-b04a-f7fa0972c79f,Leilani Goldner,leilani.goldner33@yahoo.com
ecafa549-5344-409d-b04a-f7fa0972c79f,Collin Abernathy,collin_abernathy31@gmail.com
ecafa549-5344-409d-b04a-f7fa0972c79f,Krystina Hirthe-Grant,krystina_hirthe-grant@yahoo.com
ecafa549-5344-409d-b04a-f7fa0972c79f,Noemie Leuschke,noemie_leuschke34@yahoo.com
ecafa549-5344-409d-b04a-f7fa0972c79f,Billy Nitzsche,billy_nitzsche78@gmail.com
ecafa549-5344-409d-b04a-f7fa0972c79f,Alfred O'Kon,alfred.okon@yahoo.com
ecafa549-5344-409d-b04a-f7fa0972c79f,Lorena Rogahn,lorena_rogahn24@hotmail.com
ecafa549-5344-409d-b04a-f7fa0972c79f,Margret Ebert,margret.ebert96@hotmail.com
ecafa549-5344-409d-b04a-f7fa0972c79f,Darius Ullrich-Bahringer,darius_ullrich-bahringer62@hotmail.com
ecafa549-5344-409d-b04a-f7fa0972c79f,Talia Hudson,talia_hudson@hotmail.com
ecafa549-5344-409d-b04a-f7fa0972c79f,Rico Schuppe,rico_schuppe73@hotmail.com
ecafa549-5344-409d-b04a-f7fa0972c79f,Austyn Lockman,austyn_lockman96@yahoo.com
ecafa549-5344-409d-b04a-f7fa0972c79f,Thaddeus Brekke,thaddeus_brekke1@gmail.com
ecafa549-5344-409d-b04a-f7fa0972c79f,Royce Zulauf,royce.zulauf99@hotmail.com
ecafa549-5344-409d-b04a-f7fa0972c79f,Jocelyn Runte,jocelyn_runte@gmail.com
ecafa549-5344-409d-b04a-f7fa0972c79f,Jordi Huel,jordi_huel18@yahoo.com
ecafa549-5344-409d-b04a-f7fa0972c79f,Dean Reilly,dean.reilly1@yahoo.com
ecafa549-5344-409d-b04a-f7fa0972c79f,Kelsi Nicolas,kelsi.nicolas3@yahoo.com
ecafa549-5344-409d-b04a-f7fa0972c79f,Dante Rice,dante_rice@yahoo.com
ecafa549-5344-409d-b04a-f7fa0972c79f,Meaghan Roberts,meaghan_roberts61@gmail.com
ecafa549-5344-409d-b04a-f7fa0972c79f,Miguel Considine,miguel.considine@hotmail.com
ecafa549-5344-409d-b04a-f7fa0972c79f,Floyd Block,floyd.block40@hotmail.com
ecafa549-5344-409d-b04a-f7fa0972c79f,Evalyn Tillman,evalyn_tillman@hotmail.com
ecafa549-5344-409d-b04a-f7fa0972c79f,Evangeline Hettinger,evangeline_hettinger91@gmail.com
ecafa549-5344-409d-b04a-f7fa0972c79f,King Schumm,king_schumm2@hotmail.com
ecafa549-5344-409d-b04a-f7fa0972c79f,Harmon Bashirian,harmon.bashirian@hotmail.com
ecafa549-5344-409d-b04a-f7fa0972c79f,Asa Schimmel,asa.schimmel@gmail.com
ecafa549-5344-409d-b04a-f7fa0972c79f,Jaycee Hodkiewicz,jaycee_hodkiewicz54@yahoo.com
ecafa549-5344-409d-b04a-f7fa0972c79f,Joannie Runolfsdottir,joannie_runolfsdottir8@gmail.com
ecafa549-5344-409d-b04a-f7fa0972c79f,Madison Cole,madison_cole40@gmail.com
ecafa549-5344-409d-b04a-f7fa0972c79f,Weston Boehm,weston.boehm@hotmail.com
ecafa549-5344-409d-b04a-f7fa0972c79f,Colten Veum,colten_veum@hotmail.com
ecafa549-5344-409d-b04a-f7fa0972c79f,Hattie Will-Hegmann,hattie_will-hegmann80@gmail.com
ecafa549-5344-409d-b04a-f7fa0972c79f,Marietta Pollich,marietta.pollich5@hotmail.com
ecafa549-5344-409d-b04a-f7fa0972c79f,Heloise Wilkinson,heloise_wilkinson@gmail.com
ecafa549-5344-409d-b04a-f7fa0972c79f,Woodrow Herman,woodrow.herman62@hotmail.com
ecafa549-5344-409d-b04a-f7fa0972c79f,Lavada Turcotte-Kreiger,lavada.turcotte-kreiger37@yahoo.com
ecafa549-5344-409d-b04a-f7fa0972c79f,Brycen Runolfsdottir,brycen.runolfsdottir@gmail.com
ecafa549-5344-409d-b04a-f7fa0972c79f,Ford Bosco,ford.bosco4@gmail.com
ecafa549-5344-409d-b04a-f7fa0972c79f,Dave Friesen-Harvey,dave.friesen-harvey61@yahoo.com
ecafa549-5344-409d-b04a-f7fa0972c79f,Collin Bashirian,collin_bashirian@yahoo.com
ecafa549-5344-409d-b04a-f7fa0972c79f,Andre Lowe,andre_lowe@gmail.com
ecafa549-5344-409d-b04a-f7fa0972c79f,Emmanuelle Botsford,emmanuelle.botsford10@hotmail.com
ecafa549-5344-409d-b04a-f7fa0972c79f,Harley Wunsch,harley.wunsch81@hotmail.com
ecafa549-5344-409d-b04a-f7fa0972c79f,Nola Feest,nola.feest@gmail.com
ecafa549-5344-409d-b04a-f7fa0972c79f,Hilbert Willms,hilbert_willms89@yahoo.com
ecafa549-5344-409d-b04a-f7fa0972c79f,Saul Oberbrunner,saul.oberbrunner6@gmail.com
ecafa549-5344-409d-b04a-f7fa0972c79f,Keon Gibson,keon.gibson82@gmail.com
ecafa549-5344-409d-b04a-f7fa0972c79f,Trevion Adams,trevion.adams@hotmail.com
ecafa549-5344-409d-b04a-f7fa0972c79f,Conrad Lakin,conrad_lakin65@yahoo.com
ecafa549-5344-409d-b04a-f7fa0972c79f,Ashlee Kreiger,ashlee.kreiger47@gmail.com
ecafa549-5344-409d-b04a-f7fa0972c79f,Heloise Zulauf,heloise.zulauf35@hotmail.com
ecafa549-5344-409d-b04a-f7fa0972c79f,Sonya Casper,sonya_casper@gmail.com
ecafa549-5344-409d-b04a-f7fa0972c79f,Cleo Walter,cleo.walter@gmail.com
ecafa549-5344-409d-b04a-f7fa0972c79f,Nathen Orn,nathen_orn22@gmail.com
ecafa549-5344-409d-b04a-f7fa0972c79f,Adrianna Rutherford,adrianna_rutherford@yahoo.com
ecafa549-5344-409d-b04a-f7fa0972c79f,Lonny Cremin,lonny.cremin@hotmail.com
ecafa549-5344-409d-b04a-f7fa0972c79f,Ladarius Greenholt,ladarius_greenholt56@gmail.com
ecafa549-5344-409d-b04a-f7fa0972c79f,Trisha Ortiz,trisha.ortiz@yahoo.com
ecafa549-5344-409d-b04a-f7fa0972c79f,Harmony Bechtelar,harmony_bechtelar@hotmail.com
ecafa549-5344-409d-b04a-f7fa0972c79f,Woodrow Morar,woodrow.morar@gmail.com
ecafa549-5344-409d-b04a-f7fa0972c79f,Margaret Carroll,margaret.carroll@yahoo.com
ecafa549-5344-409d-b04a-f7fa0972c79f,Miller Boyle,miller.boyle@hotmail.com
ecafa549-5344-409d-b04a-f7fa0972c79f,Hope Hansen,hope.hansen@yahoo.com
ecafa549-5344-409d-b04a-f7fa0972c79f,Winnifred Nolan,winnifred_nolan20@hotmail.com
ecafa549-5344-409d-b04a-f7fa0972c79f,Jeffery Renner,jeffery_renner@hotmail.com
ecafa549-5344-409d-b04a-f7fa0972c79f,Leonard Luettgen,leonard_luettgen67@hotmail.com
ecafa549-5344-409d-b04a-f7fa0972c79f,Lilian Rempel,lilian.rempel44@gmail.com
ecafa549-5344-409d-b04a-f7fa0972c79f,Keira Wisoky-Ruecker,keira_wisoky-ruecker75@yahoo.com
ecafa549-5344-409d-b04a-f7fa0972c79f,Noel Mann,noel.mann@hotmail.com
ecafa549-5344-409d-b04a-f7fa0972c79f,Vincenza Heathcote,vincenza.heathcote85@yahoo.com
ecafa549-5344-409d-b04a-f7fa0972c79f,Alaina Batz,alaina.batz13@hotmail.com
ecafa549-5344-409d-b04a-f7fa0972c79f,Jacques Parker,jacques.parker@gmail.com
ecafa549-5344-409d-b04a-f7fa0972c79f,Jeffery Jerde,jeffery.jerde@hotmail.com
ecafa549-5344-409d-b04a-f7fa0972c79f,Eloy Kulas,eloy.kulas@yahoo.com
ecafa549-5344-409d-b04a-f7fa0972c79f,Caroline Bayer,caroline_bayer@yahoo.com
ecafa549-5344-409d-b04a-f7fa0972c79f,Kaley Brown,kaley.brown60@yahoo.com
ecafa549-5344-409d-b04a-f7fa0972c79f,Lisandro Larson,lisandro_larson81@hotmail.com
ecafa549-5344-409d-b04a-f7fa0972c79f,Tessie Kuhlman,tessie.kuhlman22@hotmail.com
ecafa549-5344-409d-b04a-f7fa0972c79f,Kris Rippin,kris_rippin@hotmail.com
ecafa549-5344-409d-b04a-f7fa0972c79f,Dakota Bechtelar,dakota.bechtelar@hotmail.com
ecafa549-5344-409d-b04a-f7fa0972c79f,Jayde Harris,jayde.harris37@hotmail.com
ecafa549-5344-409d-b04a-f7fa0972c79f,Una Douglas,una.douglas38@gmail.com
ecafa549-5344-409d-b04a-f7fa0972c79f,Georgiana Spencer,georgiana.spencer81@yahoo.com
ecafa549-5344-409d-b04a-f7fa0972c79f,Richmond White,richmond_white@hotmail.com
ecafa549-5344-409d-b04a-f7fa0972c79f,Abdiel Effertz,abdiel.effertz13@gmail.com
ecafa549-5344-409d-b04a-f7fa0972c79f,Claudia Toy,claudia_toy18@hotmail.com
ecafa549-5344-409d-b04a-f7fa0972c79f,Verner Thiel,verner_thiel@gmail.com
ecafa549-5344-409d-b04a-f7fa0972c79f,Angel Stehr,angel_stehr14@yahoo.com
ecafa549-5344-409d-b04a-f7fa0972c79f,Mae Mante,mae_mante38@gmail.com
ecafa549-5344-409d-b04a-f7fa0972c79f,Darrel Zemlak,darrel.zemlak16@yahoo.com
ecafa549-5344-409d-b04a-f7fa0972c79f,Rosemarie Lehner,rosemarie_lehner@hotmail.com
ecafa549-5344-409d-b04a-f7fa0972c79f,Jodie Borer,jodie_borer@gmail.com
ecafa549-5344-409d-b04a-f7fa0972c79f,Stefanie Lebsack,stefanie_lebsack@yahoo.com
ecafa549-5344-409d-b04a-f7fa0972c79f,Sylvan Lakin,sylvan_lakin@hotmail.com
ecafa549-5344-409d-b04a-f7fa0972c79f,Marcus Schultz,marcus.schultz@gmail.com
ecafa549-5344-409d-b04a-f7fa0972c79f,Joy Wisozk,joy.wisozk@yahoo.com
ecafa549-5344-409d-b04a-f7fa0972c79f,Guillermo Grant,guillermo.grant@hotmail.com
ecafa549-5344-409d-b04a-f7fa0972c79f,Valentin Kreiger,valentin.kreiger96@hotmail.com
ecafa549-5344-409d-b04a-f7fa0972c79f,Josue Predovic,josue.predovic@hotmail.com
ecafa549-5344-409d-b04a-f7fa0972c79f,Alysha Beatty,alysha.beatty@gmail.com
ecafa549-5344-409d-b04a-f7fa0972c79f,Leland Mills,leland_mills11@hotmail.com
ecafa549-5344-409d-b04a-f7fa0972c79f,Greg Mueller,greg_mueller33@yahoo.com
ecafa549-5344-409d-b04a-f7fa0972c79f,Ethelyn Jacobi,ethelyn_jacobi@gmail.com
ecafa549-5344-409d-b04a-f7fa0972c79f,Beatrice Pfeffer,beatrice.pfeffer11@yahoo.com
ecafa549-5344-409d-b04a-f7fa0972c79f,Herta Wehner,herta_wehner@hotmail.com
ecafa549-5344-409d-b04a-f7fa0972c79f,Marilou Casper,marilou_casper@hotmail.com
ecafa549-5344-409d-b04a-f7fa0972c79f,Willow Kuhic,willow_kuhic90@gmail.com
ecafa549-5344-409d-b04a-f7fa0972c79f,Dena Erdman,dena.erdman74@yahoo.com
ecafa549-5344-409d-b04a-f7fa0972c79f,Talon Hoeger,talon.hoeger19@yahoo.com
ecafa549-5344-409d-b04a-f7fa0972c79f,Hallie Koss,hallie.koss@yahoo.com
ecafa549-5344-409d-b04a-f7fa0972c79f,Aniya Conroy-Williamson,aniya.conroy-williamson29@gmail.com
ecafa549-5344-409d-b04a-f7fa0972c79f,Philip Stamm-Klocko,philip.stamm-klocko18@hotmail.com
ecafa549-5344-409d-b04a-f7fa0972c79f,Gladys Macejkovic,gladys_macejkovic54@yahoo.com
ecafa549-5344-409d-b04a-f7fa0972c79f,Abagail Hickle,abagail.hickle28@gmail.com
ecafa549-5344-409d-b04a-f7fa0972c79f,Hadley Considine,hadley.considine@gmail.com
ecafa549-5344-409d-b04a-f7fa0972c79f,Pierce Parisian,pierce.parisian30@hotmail.com
ecafa549-5344-409d-b04a-f7fa0972c79f,Drew Block,drew.block@gmail.com
ecafa549-5344-409d-b04a-f7fa0972c79f,Erik Frami,erik.frami@gmail.com
ecafa549-5344-409d-b04a-f7fa0972c79f,Erna Friesen,erna_friesen@hotmail.com
ecafa549-5344-409d-b04a-f7fa0972c79f,Jean Rolfson,jean.rolfson56@hotmail.com
ecafa549-5344-409d-b04a-f7fa0972c79f,Armani Williamson,armani_williamson@yahoo.com
ecafa549-5344-409d-b04a-f7fa0972c79f,Heather King,heather_king@yahoo.com
ecafa549-5344-409d-b04a-f7fa0972c79f,Onie Paucek,onie_paucek@yahoo.com
ecafa549-5344-409d-b04a-f7fa0972c79f,Rudy Lakin,rudy_lakin@hotmail.com
ecafa549-5344-409d-b04a-f7fa0972c79f,Jensen Schamberger,jensen.schamberger@gmail.com
ecafa549-5344-409d-b04a-f7fa0972c79f,Vilma Kemmer,vilma.kemmer47@hotmail.com
ecafa549-5344-409d-b04a-f7fa0972c79f,Alanna Roob,alanna.roob@yahoo.com
ecafa549-5344-409d-b04a-f7fa0972c79f,Sebastian Batz,sebastian_batz@hotmail.com
ecafa549-5344-409d-b04a-f7fa0972c79f,Karolann Bailey,karolann.bailey55@yahoo.com
ecafa549-5344-409d-b04a-f7fa0972c79f,Jeff Hegmann,jeff.hegmann@hotmail.com
ecafa549-5344-409d-b04a-f7fa0972c79f,Mylene Zulauf,mylene.zulauf@yahoo.com
ecafa549-5344-409d-b04a-f7fa0972c79f,Lexi D'Amore,lexi.damore@yahoo.com
ecafa549-5344-409d-b04a-f7fa0972c79f,Carmel Cronin,carmel_cronin@hotmail.com
ecafa549-5344-409d-b04a-f7fa0972c79f,Chaim Bosco,chaim.bosco@hotmail.com
ecafa549-5344-409d-b04a-f7fa0972c79f,Pasquale Hoeger,pasquale.hoeger51@gmail.com
ecafa549-5344-409d-b04a-f7fa0972c79f,Meggie Kunde,meggie.kunde@gmail.com
ecafa549-5344-409d-b04a-f7fa0972c79f,Myrtie Littel,myrtie.littel@gmail.com
ecafa549-5344-409d-b04a-f7fa0972c79f,Manuel Labadie-Hudson,manuel.labadie-hudson27@gmail.com
ecafa549-5344-409d-b04a-f7fa0972c79f,Beau Ryan,beau_ryan89@hotmail.com
ecafa549-5344-409d-b04a-f7fa0972c79f,Shany Tromp,shany_tromp60@yahoo.com
ecafa549-5344-409d-b04a-f7fa0972c79f,Payton Altenwerth,payton_altenwerth@yahoo.com
ecafa549-5344-409d-b04a-f7fa0972c79f,Judd Lebsack,judd_lebsack@gmail.com
ecafa549-5344-409d-b04a-f7fa0972c79f,Elena Feest,elena_feest43@yahoo.com
ecafa549-5344-409d-b04a-f7fa0972c79f,Alayna Abbott,alayna_abbott6@gmail.com
ecafa549-5344-409d-b04a-f7fa0972c79f,Cleve Welch,cleve.welch@gmail.com
ecafa549-5344-409d-b04a-f7fa0972c79f,Ramiro Schimmel,ramiro.schimmel50@gmail.com
ecafa549-5344-409d-b04a-f7fa0972c79f,Adalberto Stokes,adalberto_stokes77@hotmail.com
ecafa549-5344-409d-b04a-f7fa0972c79f,Alia Cummings,alia.cummings@gmail.com
ecafa549-5344-409d-b04a-f7fa0972c79f,Kip Jenkins,kip.jenkins@hotmail.com
ecafa549-5344-409d-b04a-f7fa0972c79f,Estel Thiel,estel_thiel@gmail.com
ecafa549-5344-409d-b04a-f7fa0972c79f,Erica Hintz,erica.hintz@hotmail.com
ecafa549-5344-409d-b04a-f7fa0972c79f,Cali Mayer,cali_mayer25@gmail.com
ecafa549-5344-409d-b04a-f7fa0972c79f,Adolphus Nikolaus,adolphus_nikolaus@hotmail.com
ecafa549-5344-409d-b04a-f7fa0972c79f,Rashawn Simonis,rashawn.simonis@hotmail.com
ecafa549-5344-409d-b04a-f7fa0972c79f,Laisha West,laisha_west@yahoo.com
ecafa549-5344-409d-b04a-f7fa0972c79f,Trudie Greenfelder,trudie_greenfelder34@gmail.com
ecafa549-5344-409d-b04a-f7fa0972c79f,Harry Maggio,harry.maggio92@hotmail.com
ecafa549-5344-409d-b04a-f7fa0972c79f,Maribel West,maribel_west81@hotmail.com
ecafa549-5344-409d-b04a-f7fa0972c79f,Freddie Wiegand,freddie_wiegand36@yahoo.com
ecafa549-5344-409d-b04a-f7fa0972c79f,Bartholome Purdy,bartholome_purdy98@gmail.com
ecafa549-5344-409d-b04a-f7fa0972c79f,Robyn Anderson,robyn_anderson69@hotmail.com
ecafa549-5344-409d-b04a-f7fa0972c79f,Nathaniel Gusikowski,nathaniel_gusikowski29@gmail.com
ecafa549-5344-409d-b04a-f7fa0972c79f,Garnet Schinner,garnet.schinner47@hotmail.com
ecafa549-5344-409d-b04a-f7fa0972c79f,Jorge Koch,jorge.koch74@yahoo.com
ecafa549-5344-409d-b04a-f7fa0972c79f,Doug Weimann,doug.weimann36@yahoo.com
ecafa549-5344-409d-b04a-f7fa0972c79f,Ludwig Ferry,ludwig_ferry@gmail.com
ecafa549-5344-409d-b04a-f7fa0972c79f,Maymie Johns,maymie_johns64@yahoo.com
ecafa549-5344-409d-b04a-f7fa0972c79f,Cooper Wolf,cooper_wolf20@yahoo.com
ecafa549-5344-409d-b04a-f7fa0972c79f,Tracey Wintheiser,tracey_wintheiser@gmail.com
ecafa549-5344-409d-b04a-f7fa0972c79f,Alexander Pfannerstill,alexander.pfannerstill@yahoo.com
ecafa549-5344-409d-b04a-f7fa0972c79f,Jerrold Roberts,jerrold.roberts74@yahoo.com
ecafa549-5344-409d-b04a-f7fa0972c79f,Darren Rutherford,darren_rutherford55@gmail.com
ecafa549-5344-409d-b04a-f7fa0972c79f,Chase Metz,chase_metz@hotmail.com
ecafa549-5344-409d-b04a-f7fa0972c79f,Juliana Hartmann,juliana.hartmann15@gmail.com
ecafa549-5344-409d-b04a-f7fa0972c79f,Camila Reilly,camila_reilly@gmail.com
ecafa549-5344-409d-b04a-f7fa0972c79f,Cleta Adams-Smitham,cleta_adams-smitham@gmail.com
ecafa549-5344-409d-b04a-f7fa0972c79f,Whitney Adams,whitney_adams@yahoo.com
ecafa549-5344-409d-b04a-f7fa0972c79f,Elliott Borer,elliott_borer42@hotmail.com
ecafa549-5344-409d-b04a-f7fa0972c79f,Lafayette Kuhlman,lafayette_kuhlman45@gmail.com
ecafa549-5344-409d-b04a-f7fa0972c79f,Autumn Jaskolski,autumn.jaskolski42@hotmail.com
ecafa549-5344-409d-b04a-f7fa0972c79f,Delphia King,delphia_king6@yahoo.com
ecafa549-5344-409d-b04a-f7fa0972c79f,Alvera Bruen,alvera_bruen@yahoo.com
ecafa549-5344-409d-b04a-f7fa0972c79f,Heather Wuckert,heather_wuckert@yahoo.com
ecafa549-5344-409d-b04a-f7fa0972c79f,Rigoberto Wolff,rigoberto_wolff@yahoo.com
ecafa549-5344-409d-b04a-f7fa0972c79f,Nestor Nienow,nestor.nienow18@gmail.com
ecafa549-5344-409d-b04a-f7fa0972c79f,Suzanne Terry,suzanne_terry@gmail.com
ecafa549-5344-409d-b04a-f7fa0972c79f,Ova Weber,ova_weber17@yahoo.com
ecafa549-5344-409d-b04a-f7fa0972c79f,Pamela Schiller,pamela_schiller99@gmail.com
ecafa549-5344-409d-b04a-f7fa0972c79f,Darron White,darron.white82@yahoo.com
ecafa549-5344-409d-b04a-f7fa0972c79f,Marina Wiegand,marina.wiegand@yahoo.com
ecafa549-5344-409d-b04a-f7fa0972c79f,Ford Wilkinson,ford_wilkinson@hotmail.com
ecafa549-5344-409d-b04a-f7fa0972c79f,Royce Walter,royce_walter97@hotmail.com
ecafa549-5344-409d-b04a-f7fa0972c79f,Adolf Frami,adolf_frami37@gmail.com
ecafa549-5344-409d-b04a-f7fa0972c79f,Mariah Dietrich,mariah.dietrich52@hotmail.com
ecafa549-5344-409d-b04a-f7fa0972c79f,Lonny Harvey,lonny.harvey@yahoo.com
ecafa549-5344-409d-b04a-f7fa0972c79f,Ova Carter,ova_carter24@hotmail.com
ecafa549-5344-409d-b04a-f7fa0972c79f,Mae Volkman,mae.volkman@yahoo.com
ecafa549-5344-409d-b04a-f7fa0972c79f,Oswald Blick,oswald.blick71@hotmail.com
ecafa549-5344-409d-b04a-f7fa0972c79f,Tania Mohr,tania.mohr@hotmail.com
ecafa549-5344-409d-b04a-f7fa0972c79f,Lonnie Bergnaum,lonnie_bergnaum81@yahoo.com
ecafa549-5344-409d-b04a-f7fa0972c79f,Lisandro O'Reilly,lisandro_oreilly42@gmail.com
ecafa549-5344-409d-b04a-f7fa0972c79f,Barton Mills,barton_mills@yahoo.com
ecafa549-5344-409d-b04a-f7fa0972c79f,Hassan Macejkovic,hassan.macejkovic@yahoo.com
ecafa549-5344-409d-b04a-f7fa0972c79f,Alexandre Ryan,alexandre_ryan@hotmail.com
ecafa549-5344-409d-b04a-f7fa0972c79f,Meggie Welch,meggie.welch32@hotmail.com
ecafa549-5344-409d-b04a-f7fa0972c79f,Emery Krajcik,emery.krajcik@hotmail.com
ecafa549-5344-409d-b04a-f7fa0972c79f,Hubert Schumm,hubert.schumm32@gmail.com
ecafa549-5344-409d-b04a-f7fa0972c79f,Ricardo Cummerata,ricardo_cummerata@hotmail.com
ecafa549-5344-409d-b04a-f7fa0972c79f,Dallin Robel,dallin.robel@yahoo.com
ecafa549-5344-409d-b04a-f7fa0972c79f,Kory Schaden,kory_schaden@gmail.com
ecafa549-5344-409d-b04a-f7fa0972c79f,Jaquelin Stehr,jaquelin_stehr99@gmail.com
ecafa549-5344-409d-b04a-f7fa0972c79f,Roma Conroy,roma.conroy70@gmail.com
ecafa549-5344-409d-b04a-f7fa0972c79f,Efrain Grant,efrain.grant66@yahoo.com
ecafa549-5344-409d-b04a-f7fa0972c79f,Earlene Romaguera,earlene.romaguera45@hotmail.com
ecafa549-5344-409d-b04a-f7fa0972c79f,Ansley Berge,ansley_berge@hotmail.com
ecafa549-5344-409d-b04a-f7fa0972c79f,Kevin Kertzmann,kevin.kertzmann@hotmail.com
ecafa549-5344-409d-b04a-f7fa0972c79f,Hanna Adams,hanna_adams@gmail.com
ecafa549-5344-409d-b04a-f7fa0972c79f,Euna Haley,euna_haley88@gmail.com
ecafa549-5344-409d-b04a-f7fa0972c79f,Itzel Zieme,itzel_zieme67@hotmail.com
ecafa549-5344-409d-b04a-f7fa0972c79f,Louisa Daugherty-Dietrich,louisa.daugherty-dietrich70@hotmail.com
ecafa549-5344-409d-b04a-f7fa0972c79f,Kari Jacobson,kari_jacobson@gmail.com
ecafa549-5344-409d-b04a-f7fa0972c79f,Myra Kuhn,myra_kuhn@hotmail.com
ecafa549-5344-409d-b04a-f7fa0972c79f,Mossie Runolfsson,mossie_runolfsson18@yahoo.com
ecafa549-5344-409d-b04a-f7fa0972c79f,Lilla Nikolaus,lilla.nikolaus@yahoo.com
ecafa549-5344-409d-b04a-f7fa0972c79f,Kira Greenholt,kira.greenholt29@hotmail.com
ecafa549-5344-409d-b04a-f7fa0972c79f,Clifford Daniel,clifford_daniel65@hotmail.com
ecafa549-5344-409d-b04a-f7fa0972c79f,Lavina Koss,lavina.koss7@yahoo.com
ecafa549-5344-409d-b04a-f7fa0972c79f,Hillary Leffler,hillary_leffler@yahoo.com
ecafa549-5344-409d-b04a-f7fa0972c79f,Jeramie Jerde,jeramie.jerde@gmail.com
ecafa549-5344-409d-b04a-f7fa0972c79f,Adolf Strosin,adolf.strosin@hotmail.com
ecafa549-5344-409d-b04a-f7fa0972c79f,Alison Larson,alison.larson@hotmail.com
ecafa549-5344-409d-b04a-f7fa0972c79f,Tyson Huels,tyson.huels@yahoo.com
ecafa549-5344-409d-b04a-f7fa0972c79f,Marquise Baumbach,marquise.baumbach61@gmail.com
ecafa549-5344-409d-b04a-f7fa0972c79f,Neha Kihn,neha_kihn21@hotmail.com
ecafa549-5344-409d-b04a-f7fa0972c79f,Lyric Quitzon,lyric.quitzon@hotmail.com
ecafa549-5344-409d-b04a-f7fa0972c79f,Queenie Kutch,queenie.kutch39@gmail.com
ecafa549-5344-409d-b04a-f7fa0972c79f,Jacynthe Dickens,jacynthe_dickens36@yahoo.com
ecafa549-5344-409d-b04a-f7fa0972c79f,Nat Hickle,nat.hickle65@gmail.com
ecafa549-5344-409d-b04a-f7fa0972c79f,Cassandre Stark,cassandre.stark@yahoo.com
ecafa549-5344-409d-b04a-f7fa0972c79f,Sammie Weissnat,sammie.weissnat86@gmail.com
ecafa549-5344-409d-b04a-f7fa0972c79f,Hailie Strosin,hailie.strosin21@hotmail.com
ecafa549-5344-409d-b04a-f7fa0972c79f,Alvah Doyle,alvah.doyle@yahoo.com
ecafa549-5344-409d-b04a-f7fa0972c79f,Ayana Gulgowski,ayana_gulgowski4@gmail.com
ecafa549-5344-409d-b04a-f7fa0972c79f,Emilio Cummings,emilio.cummings@yahoo.com
ecafa549-5344-409d-b04a-f7fa0972c79f,Chester Altenwerth,chester.altenwerth@gmail.com
ecafa549-5344-409d-b04a-f7fa0972c79f,Aubrey Russel,aubrey_russel@hotmail.com
ecafa549-5344-409d-b04a-f7fa0972c79f,Zola Larkin,zola.larkin@hotmail.com
ecafa549-5344-409d-b04a-f7fa0972c79f,Gregorio D'Amore,gregorio.damore34@gmail.com
ecafa549-5344-409d-b04a-f7fa0972c79f,Tara Schuster,tara_schuster@hotmail.com
ecafa549-5344-409d-b04a-f7fa0972c79f,Vladimir Streich,vladimir_streich9@yahoo.com
ecafa549-5344-409d-b04a-f7fa0972c79f,Harrison Waters,harrison_waters27@yahoo.com
ecafa549-5344-409d-b04a-f7fa0972c79f,Bennett Kohler,bennett.kohler@hotmail.com
ecafa549-5344-409d-b04a-f7fa0972c79f,Stefan Nitzsche,stefan_nitzsche@yahoo.com
ecafa549-5344-409d-b04a-f7fa0972c79f,Mabel Rippin,mabel_rippin@yahoo.com
ecafa549-5344-409d-b04a-f7fa0972c79f,Zack Connelly,zack_connelly7@gmail.com
ecafa549-5344-409d-b04a-f7fa0972c79f,Aracely Graham,aracely.graham51@hotmail.com
ecafa549-5344-409d-b04a-f7fa0972c79f,Madge Willms,madge_willms@yahoo.com
ecafa549-5344-409d-b04a-f7fa0972c79f,Lucius Howe,lucius.howe68@yahoo.com
ecafa549-5344-409d-b04a-f7fa0972c79f,Fred Smitham,fred_smitham@yahoo.com
ecafa549-5344-409d-b04a-f7fa0972c79f,Raven Emmerich,raven.emmerich@gmail.com
ecafa549-5344-409d-b04a-f7fa0972c79f,Celia Ferry,celia_ferry39@hotmail.com
ecafa549-5344-409d-b04a-f7fa0972c79f,Daphne Hayes,daphne.hayes28@gmail.com
ecafa549-5344-409d-b04a-f7fa0972c79f,Deja Lockman,deja.lockman@yahoo.com
ecafa549-5344-409d-b04a-f7fa0972c79f,Elmer Mitchell,elmer_mitchell61@hotmail.com
ecafa549-5344-409d-b04a-f7fa0972c79f,Fannie Reynolds,fannie_reynolds@yahoo.com
ecafa549-5344-409d-b04a-f7fa0972c79f,Grover Koch,grover_koch1@gmail.com
ecafa549-5344-409d-b04a-f7fa0972c79f,Jeffrey Huels,jeffrey_huels23@hotmail.com
ecafa549-5344-409d-b04a-f7fa0972c79f,Anjali Funk,anjali.funk74@hotmail.com
ecafa549-5344-409d-b04a-f7fa0972c79f,Kendra Raynor,kendra_raynor@yahoo.com
ecafa549-5344-409d-b04a-f7fa0972c79f,Rachelle Marks,rachelle_marks16@gmail.com
ecafa549-5344-409d-b04a-f7fa0972c79f,Christopher Kuhic,christopher_kuhic@gmail.com
ecafa549-5344-409d-b04a-f7fa0972c79f,Porter Stroman,porter_stroman@gmail.com
ecafa549-5344-409d-b04a-f7fa0972c79f,Bernardo Cummerata,bernardo.cummerata@hotmail.com
ecafa549-5344-409d-b04a-f7fa0972c79f,Erika Bashirian,erika_bashirian@gmail.com
ecafa549-5344-409d-b04a-f7fa0972c79f,Waino Pagac,waino.pagac@yahoo.com
ecafa549-5344-409d-b04a-f7fa0972c79f,Kasandra Harber,kasandra_harber@hotmail.com
ecafa549-5344-409d-b04a-f7fa0972c79f,Hardy Kshlerin,hardy.kshlerin36@gmail.com
ecafa549-5344-409d-b04a-f7fa0972c79f,Izaiah King,izaiah.king97@yahoo.com
ecafa549-5344-409d-b04a-f7fa0972c79f,Laurianne Mraz,laurianne.mraz97@hotmail.com
ecafa549-5344-409d-b04a-f7fa0972c79f,Genoveva Gulgowski-Hand,genoveva_gulgowski-hand@hotmail.com
ecafa549-5344-409d-b04a-f7fa0972c79f,Bernardo Lindgren,bernardo.lindgren46@hotmail.com
ecafa549-5344-409d-b04a-f7fa0972c79f,Robyn Mohr,robyn_mohr@yahoo.com
ecafa549-5344-409d-b04a-f7fa0972c79f,Herman Keeling,herman.keeling14@gmail.com
ecafa549-5344-409d-b04a-f7fa0972c79f,Golden Vandervort,golden_vandervort@hotmail.com
ecafa549-5344-409d-b04a-f7fa0972c79f,Lonny Kertzmann-Von,lonny.kertzmann-von34@yahoo.com
ecafa549-5344-409d-b04a-f7fa0972c79f,Lorena Mante,lorena_mante@yahoo.com
ecafa549-5344-409d-b04a-f7fa0972c79f,Hipolito Heidenreich,hipolito.heidenreich0@hotmail.com
ecafa549-5344-409d-b04a-f7fa0972c79f,Delphine Borer,delphine.borer@yahoo.com
ecafa549-5344-409d-b04a-f7fa0972c79f,Richmond Collins,richmond.collins@yahoo.com
ecafa549-5344-409d-b04a-f7fa0972c79f,Lue Hills,lue.hills56@hotmail.com
ecafa549-5344-409d-b04a-f7fa0972c79f,Colton Aufderhar,colton_aufderhar52@gmail.com
ecafa549-5344-409d-b04a-f7fa0972c79f,Frankie Zulauf,frankie.zulauf14@yahoo.com
ecafa549-5344-409d-b04a-f7fa0972c79f,Elyse Schneider,elyse_schneider70@hotmail.com
ecafa549-5344-409d-b04a-f7fa0972c79f,Onie Pfeffer,onie.pfeffer@hotmail.com
ecafa549-5344-409d-b04a-f7fa0972c79f,Israel Walker,israel_walker@yahoo.com
ecafa549-5344-409d-b04a-f7fa0972c79f,Erna Jacobson,erna_jacobson@yahoo.com
ecafa549-5344-409d-b04a-f7fa0972c79f,Amelie Conn,amelie.conn86@yahoo.com
ecafa549-5344-409d-b04a-f7fa0972c79f,Royce Quigley,royce_quigley95@yahoo.com
ecafa549-5344-409d-b04a-f7fa0972c79f,Kristy Harber,kristy_harber@hotmail.com
ecafa549-5344-409d-b04a-f7fa0972c79f,Taryn Purdy,taryn_purdy@yahoo.com
ecafa549-5344-409d-b04a-f7fa0972c79f,Kurt Douglas,kurt_douglas79@hotmail.com
ecafa549-5344-409d-b04a-f7fa0972c79f,Kavon Fadel,kavon_fadel@gmail.com
ecafa549-5344-409d-b04a-f7fa0972c79f,Jessyca Hagenes,jessyca.hagenes10@yahoo.com
ecafa549-5344-409d-b04a-f7fa0972c79f,Grover McClure,grover.mcclure91@hotmail.com
ecafa549-5344-409d-b04a-f7fa0972c79f,Justen Green,justen_green60@gmail.com
ecafa549-5344-409d-b04a-f7fa0972c79f,Johan Smith,johan_smith@yahoo.com
ecafa549-5344-409d-b04a-f7fa0972c79f,Elsie O'Kon,elsie.okon@gmail.com
ecafa549-5344-409d-b04a-f7fa0972c79f,Leann Goyette,leann_goyette@gmail.com
ecafa549-5344-409d-b04a-f7fa0972c79f,Jorge Vandervort,jorge.vandervort@gmail.com
ecafa549-5344-409d-b04a-f7fa0972c79f,Stevie Romaguera-Jast,stevie_romaguera-jast@gmail.com
ecafa549-5344-409d-b04a-f7fa0972c79f,Jayne Goldner,jayne_goldner56@yahoo.com
ecafa549-5344-409d-b04a-f7fa0972c79f,Ramiro O'Keefe,ramiro_okeefe@gmail.com
ecafa549-5344-409d-b04a-f7fa0972c79f,Aletha Koch,aletha_koch@hotmail.com
ecafa549-5344-409d-b04a-f7fa0972c79f,April Beahan,april_beahan@yahoo.com
ecafa549-5344-409d-b04a-f7fa0972c79f,Nova Weber,nova.weber57@gmail.com
ecafa549-5344-409d-b04a-f7fa0972c79f,Matilde Powlowski,matilde.powlowski68@gmail.com
ecafa549-5344-409d-b04a-f7fa0972c79f,Brody Bogan,brody_bogan56@hotmail.com
ecafa549-5344-409d-b04a-f7fa0972c79f,Elise Leffler,elise_leffler@hotmail.com
ecafa549-5344-409d-b04a-f7fa0972c79f,Edythe Russel,edythe_russel@yahoo.com
ecafa549-5344-409d-b04a-f7fa0972c79f,Renee Spencer,renee_spencer8@yahoo.com
ecafa549-5344-409d-b04a-f7fa0972c79f,Eulalia Rodriguez,eulalia.rodriguez@gmail.com
ecafa549-5344-409d-b04a-f7fa0972c79f,Ella Gottlieb,ella_gottlieb@gmail.com
ecafa549-5344-409d-b04a-f7fa0972c79f,Russ Hahn,russ.hahn51@gmail.com
ecafa549-5344-409d-b04a-f7fa0972c79f,Zander Mitchell,zander_mitchell69@hotmail.com
ecafa549-5344-409d-b04a-f7fa0972c79f,Terry Dickinson,terry_dickinson@gmail.com
ecafa549-5344-409d-b04a-f7fa0972c79f,Cyril Ankunding,cyril_ankunding@hotmail.com
ecafa549-5344-409d-b04a-f7fa0972c79f,Malinda Gibson,malinda.gibson77@yahoo.com
ecafa549-5344-409d-b04a-f7fa0972c79f,Kellie Ebert,kellie_ebert54@hotmail.com
ecafa549-5344-409d-b04a-f7fa0972c79f,Katrina Murazik,katrina_murazik65@yahoo.com
ecafa549-5344-409d-b04a-f7fa0972c79f,Alysa Bauch,alysa.bauch96@yahoo.com
ecafa549-5344-409d-b04a-f7fa0972c79f,Lazaro Cole,lazaro_cole27@hotmail.com
ecafa549-5344-409d-b04a-f7fa0972c79f,Freddie Buckridge,freddie_buckridge@yahoo.com
ecafa549-5344-409d-b04a-f7fa0972c79f,Nelson Kreiger,nelson.kreiger88@yahoo.com
ecafa549-5344-409d-b04a-f7fa0972c79f,Mateo Kuhn,mateo.kuhn14@gmail.com
ecafa549-5344-409d-b04a-f7fa0972c79f,Joesph VonRueden,joesph.vonrueden71@hotmail.com
ecafa549-5344-409d-b04a-f7fa0972c79f,Milton Walker,milton_walker86@yahoo.com
ecafa549-5344-409d-b04a-f7fa0972c79f,Angelina MacGyver,angelina.macgyver@gmail.com
ecafa549-5344-409d-b04a-f7fa0972c79f,Mollie Ritchie,mollie.ritchie@hotmail.com
ecafa549-5344-409d-b04a-f7fa0972c79f,Jordyn Balistreri,jordyn_balistreri@gmail.com
ecafa549-5344-409d-b04a-f7fa0972c79f,Catalina Schoen,catalina.schoen31@gmail.com
ecafa549-5344-409d-b04a-f7fa0972c79f,Toy Farrell,toy.farrell@hotmail.com
ecafa549-5344-409d-b04a-f7fa0972c79f,Randal Rempel,randal.rempel@gmail.com
ecafa549-5344-409d-b04a-f7fa0972c79f,Yvonne Macejkovic,yvonne_macejkovic@gmail.com
ecafa549-5344-409d-b04a-f7fa0972c79f,Carson Bartoletti,carson.bartoletti67@hotmail.com
ecafa549-5344-409d-b04a-f7fa0972c79f,Claud Leannon,claud_leannon18@yahoo.com
ecafa549-5344-409d-b04a-f7fa0972c79f,Ned Shields,ned.shields57@hotmail.com
ecafa549-5344-409d-b04a-f7fa0972c79f,Shayne Kassulke,shayne.kassulke79@yahoo.com
ecafa549-5344-409d-b04a-f7fa0972c79f,Courtney Walsh,courtney.walsh54@yahoo.com
ecafa549-5344-409d-b04a-f7fa0972c79f,Rubie Wyman,rubie_wyman18@yahoo.com
ecafa549-5344-409d-b04a-f7fa0972c79f,Reece Farrell,reece_farrell@yahoo.com
ecafa549-5344-409d-b04a-f7fa0972c79f,Kim Kassulke,kim_kassulke@yahoo.com
ecafa549-5344-409d-b04a-f7fa0972c79f,Dewayne Murphy,dewayne_murphy@hotmail.com
ecafa549-5344-409d-b04a-f7fa0972c79f,Jaunita Weber,jaunita_weber90@yahoo.com
ecafa549-5344-409d-b04a-f7fa0972c79f,Hettie Wuckert-Ferry,hettie.wuckert-ferry9@hotmail.com
ecafa549-5344-409d-b04a-f7fa0972c79f,Duane Jaskolski,duane.jaskolski@gmail.com
ecafa549-5344-409d-b04a-f7fa0972c79f,Taryn Jaskolski,taryn_jaskolski@gmail.com
ecafa549-5344-409d-b04a-f7fa0972c79f,Carlie Lubowitz,carlie.lubowitz@hotmail.com
ecafa549-5344-409d-b04a-f7fa0972c79f,Cheyenne Jacobs-Abbott,cheyenne_jacobs-abbott@yahoo.com
ecafa549-5344-409d-b04a-f7fa0972c79f,Khalil Donnelly-Yundt,khalil.donnelly-yundt94@gmail.com
ecafa549-5344-409d-b04a-f7fa0972c79f,Brayan Wilderman,brayan_wilderman@yahoo.com
ecafa549-5344-409d-b04a-f7fa0972c79f,April Casper,april.casper21@gmail.com
ecafa549-5344-409d-b04a-f7fa0972c79f,Sebastian Paucek,sebastian_paucek@yahoo.com
ecafa549-5344-409d-b04a-f7fa0972c79f,Emmitt Little,emmitt_little7@hotmail.com
ecafa549-5344-409d-b04a-f7fa0972c79f,Dulce Schmidt,dulce_schmidt@hotmail.com
ecafa549-5344-409d-b04a-f7fa0972c79f,Anderson Kohler,anderson_kohler15@gmail.com
ecafa549-5344-409d-b04a-f7fa0972c79f,Ariane Wolf,ariane.wolf@hotmail.com
ecafa549-5344-409d-b04a-f7fa0972c79f,Demetrius Moen,demetrius_moen70@gmail.com
ecafa549-5344-409d-b04a-f7fa0972c79f,Haylee Dach,haylee.dach@yahoo.com
ecafa549-5344-409d-b04a-f7fa0972c79f,Carlotta Hansen-Lynch,carlotta.hansen-lynch51@hotmail.com
ecafa549-5344-409d-b04a-f7fa0972c79f,Deshawn Schulist,deshawn_schulist57@yahoo.com
ecafa549-5344-409d-b04a-f7fa0972c79f,Alexie Purdy,alexie_purdy@hotmail.com
ecafa549-5344-409d-b04a-f7fa0972c79f,Green Rippin,green.rippin@gmail.com
ecafa549-5344-409d-b04a-f7fa0972c79f,Angelita Boyer,angelita.boyer94@gmail.com
ecafa549-5344-409d-b04a-f7fa0972c79f,Jefferey Mosciski,jefferey_mosciski17@yahoo.com
ecafa549-5344-409d-b04a-f7fa0972c79f,Talia Bauch,talia_bauch86@hotmail.com
ecafa549-5344-409d-b04a-f7fa0972c79f,Candido Rippin,candido_rippin67@gmail.com
ecafa549-5344-409d-b04a-f7fa0972c79f,Vincenzo Labadie,vincenzo_labadie26@gmail.com
ecafa549-5344-409d-b04a-f7fa0972c79f,Alanna Franecki,alanna_franecki70@hotmail.com
ecafa549-5344-409d-b04a-f7fa0972c79f,Wade Rutherford,wade_rutherford34@yahoo.com
ecafa549-5344-409d-b04a-f7fa0972c79f,Dell Kreiger,dell_kreiger@yahoo.com
ecafa549-5344-409d-b04a-f7fa0972c79f,Mazie Witting,mazie_witting@gmail.com
ecafa549-5344-409d-b04a-f7fa0972c79f,Gilbert Rohan,gilbert.rohan@hotmail.com
ecafa549-5344-409d-b04a-f7fa0972c79f,Dexter Cremin,dexter.cremin@gmail.com
ecafa549-5344-409d-b04a-f7fa0972c79f,Trisha Koss,trisha.koss11@gmail.com
ecafa549-5344-409d-b04a-f7fa0972c79f,Antone Hauck,antone_hauck@gmail.com
ecafa549-5344-409d-b04a-f7fa0972c79f,Al Schaefer,al_schaefer@yahoo.com
ecafa549-5344-409d-b04a-f7fa0972c79f,Kaci Ebert,kaci_ebert3@hotmail.com
ecafa549-5344-409d-b04a-f7fa0972c79f,Nikita Veum,nikita.veum52@gmail.com
ecafa549-5344-409d-b04a-f7fa0972c79f,Lula Leannon,lula.leannon28@gmail.com
ecafa549-5344-409d-b04a-f7fa0972c79f,Enoch Steuber,enoch_steuber@yahoo.com
ecafa549-5344-409d-b04a-f7fa0972c79f,Cleve Smitham,cleve_smitham3@gmail.com
ecafa549-5344-409d-b04a-f7fa0972c79f,Vida White,vida_white11@gmail.com
ecafa549-5344-409d-b04a-f7fa0972c79f,Raoul Doyle,raoul_doyle39@hotmail.com
ecafa549-5344-409d-b04a-f7fa0972c79f,Mollie O'Conner,mollie.oconner61@gmail.com
ecafa549-5344-409d-b04a-f7fa0972c79f,Rebeca Mitchell,rebeca.mitchell67@hotmail.com
ecafa549-5344-409d-b04a-f7fa0972c79f,Diana McKenzie,diana.mckenzie38@hotmail.com
ecafa549-5344-409d-b04a-f7fa0972c79f,Cleta Green,cleta_green@gmail.com
ecafa549-5344-409d-b04a-f7fa0972c79f,Charlie Gibson,charlie_gibson@gmail.com
ecafa549-5344-409d-b04a-f7fa0972c79f,Rupert Kuhn-Gutkowski,rupert_kuhn-gutkowski@yahoo.com
ecafa549-5344-409d-b04a-f7fa0972c79f,Rosalinda Balistreri,rosalinda_balistreri81@yahoo.com
ecafa549-5344-409d-b04a-f7fa0972c79f,Ansley Stoltenberg,ansley_stoltenberg26@hotmail.com
ecafa549-5344-409d-b04a-f7fa0972c79f,Raphaelle Volkman,raphaelle.volkman@yahoo.com
ecafa549-5344-409d-b04a-f7fa0972c79f,Titus Barton,titus.barton74@hotmail.com
ecafa549-5344-409d-b04a-f7fa0972c79f,Buddy Williamson,buddy.williamson@yahoo.com
ecafa549-5344-409d-b04a-f7fa0972c79f,Arjun Gottlieb,arjun.gottlieb59@gmail.com
ecafa549-5344-409d-b04a-f7fa0972c79f,Webster Pagac,webster_pagac@yahoo.com
ecafa549-5344-409d-b04a-f7fa0972c79f,Jailyn Adams,jailyn.adams16@yahoo.com
ecafa549-5344-409d-b04a-f7fa0972c79f,Gerda Price,gerda.price@hotmail.com
ecafa549-5344-409d-b04a-f7fa0972c79f,Concepcion Roob,concepcion_roob43@hotmail.com
ecafa549-5344-409d-b04a-f7fa0972c79f,Corene Rosenbaum,corene_rosenbaum@gmail.com
ecafa549-5344-409d-b04a-f7fa0972c79f,Aaliyah Bernhard,aaliyah_bernhard@gmail.com
ecafa549-5344-409d-b04a-f7fa0972c79f,Alyson Kemmer,alyson_kemmer@hotmail.com
ecafa549-5344-409d-b04a-f7fa0972c79f,Deshawn Sawayn,deshawn_sawayn87@hotmail.com
ecafa549-5344-409d-b04a-f7fa0972c79f,Urban Kautzer,urban_kautzer75@yahoo.com
ecafa549-5344-409d-b04a-f7fa0972c79f,Cathrine Cronin,cathrine_cronin45@gmail.com
ecafa549-5344-409d-b04a-f7fa0972c79f,Gloria Zulauf,gloria.zulauf@yahoo.com
ecafa549-5344-409d-b04a-f7fa0972c79f,Luther Lehner,luther_lehner@gmail.com
ecafa549-5344-409d-b04a-f7fa0972c79f,Janiya McClure,janiya_mcclure24@yahoo.com
ecafa549-5344-409d-b04a-f7fa0972c79f,Benny Will,benny.will@yahoo.com
ecafa549-5344-409d-b04a-f7fa0972c79f,Amy Sawayn,amy_sawayn@hotmail.com
ecafa549-5344-409d-b04a-f7fa0972c79f,Kim Auer,kim.auer68@hotmail.com
ecafa549-5344-409d-b04a-f7fa0972c79f,Bonnie Reichel,bonnie_reichel@hotmail.com
ecafa549-5344-409d-b04a-f7fa0972c79f,Luisa Schmidt,luisa.schmidt16@yahoo.com
ecafa549-5344-409d-b04a-f7fa0972c79f,Buck Funk,buck.funk85@hotmail.com
